version,table,field,datatype
5.3,person,person_id,integer
5.3,person,gender_concept_id,integer
5.3,person,year_of_birth,integer
5.3,person,month_of_birth,integer
5.3,person,day_of_birth,integer
5.3,person,birth_datetime,datetime
5.3,person,race_concept_id,integer
5.3,person,ethnicity_concept_id,integer
5.3,person,location_id,integer
5.3,person,provider_id,integer
5.3,person,care_site_id,integer
5.3,person,person_source_value,varchar(50)
5.3,person,gender_source_value,varchar(50)
5.3,person,gender_source_concept_id,integer
5.3,person,race_source_value,varchar(50)
5.3,person,race_source_concept_id,integer
5.3,person,ethnicity_source_value,varchar(50)
5.3,person,ethnicity_source_concept_id,integer
5.3,observation_period,observation_period_id,integer
5.3,observation_period,person_id,integer
5.3,observation_period,observation_period_start_date,date
5.3,observation_period,observation_period_end_date,date
5.3,observation_period,period_type_concept_id,integer
5.3,visit_occurrence,visit_occurrence_id,integer
5.3,visit_occurrence,person_id,integer
5.3,visit_occurrence,visit_concept_id,integer
5.3,visit_occurrence,visit_start_date,date
5.3,visit_occurrence,visit_start_datetime,datetime
5.3,visit_occurrence,visit_end_date,date
5.3,visit_occurrence,visit_end_datetime,datetime
5.3,visit_occurrence,visit_type_concept_id,integer
5.3,visit_occurrence,provider_id,integer
5.3,visit_occurrence,care_site_id,integer
5.3,visit_occurrence,visit_source_value,varchar(50)
5.3,visit_occurrence,visit_source_concept_id,integer
5.3,visit_occurrence,admitting_source_concept_id,integer
5.3,visit_occurrence,admitting_source_value,varchar(50)
5.3,visit_occurrence,discharge_to_concept_id,integer
5.3,visit_occurrence,discharge_to_source_value,varchar(50)
5.3,visit_occurrence,preceding_visit_occurrence_id,integer
5.3,visit_detail,visit_detail_id,integer
5.3,visit_detail,person_id,integer
5.3,visit_detail,visit_detail_concept_id,integer
5.3,visit_detail,visit_detail_start_date,date
5.3,visit_detail,visit_detail_start_datetime,datetime
5.3,visit_detail,visit_detail_end_date,date
5.3,visit_detail,visit_detail_end_datetime,datetime
5.3,visit_detail,visit_detail_type_concept_id,integer
5.3,visit_detail,provider_id,integer
5.3,visit_detail,care_site_id,integer
5.3,visit_detail,visit_detail_source_value,varchar(50)
5.3,visit_detail,visit_detail_source_concept_id,integer
5.3,visit_detail,admitting_source_value,varchar(50)
5.3,visit_detail,admitting_source_concept_id,integer
5.3,visit_detail,discharge_to_source_value,varchar(50)
5.3,visit_detail,discharge_to_concept_id,integer
5.3,visit_detail,preceding_visit_detail_id,integer
5.3,visit_detail,visit_detail_parent_id,integer
5.3,visit_detail,visit_occurrence_id,integer
5.3,condition_occurrence,condition_occurrence_id,integer
5.3,condition_occurrence,person_id,integer
5.3,condition_occurrence,condition_concept_id,integer
5.3,condition_occurrence,condition_start_date,date
5.3,condition_occurrence,condition_start_datetime,datetime
5.3,condition_occurrence,condition_end_date,date
5.3,condition_occurrence,condition_end_datetime,datetime
5.3,condition_occurrence,condition_type_concept_id,integer
5.3,condition_occurrence,condition_status_concept_id,integer
5.3,condition_occurrence,stop_reason,varchar(20)
5.3,condition_occurrence,provider_id,integer
5.3,condition_occurrence,visit_occurrence_id,integer
5.3,condition_occurrence,visit_detail_id,integer
5.3,condition_occurrence,condition_source_value,varchar(50)
5.3,condition_occurrence,condition_source_concept_id,integer
5.3,condition_occurrence,condition_status_source_value,varchar(50)
5.3,drug_exposure,drug_exposure_id,integer
5.3,drug_exposure,person_id,integer
5.3,drug_exposure,drug_concept_id,integer
5.3,drug_exposure,drug_exposure_start_date,date
5.3,drug_exposure,drug_exposure_start_datetime,datetime
5.3,drug_exposure,drug_exposure_end_date,date
5.3,drug_exposure,drug_exposure_end_datetime,datetime
5.3,drug_exposure,verbatim_end_date,date
5.3,drug_exposure,drug_type_concept_id,integer
5.3,drug_exposure,stop_reason,varchar(20)
5.3,drug_exposure,refills,integer
5.3,drug_exposure,quantity,float
5.3,drug_exposure,days_supply,integer
5.3,drug_exposure,sig,varchar(max)
5.3,drug_exposure,route_concept_id,integer
5.3,drug_exposure,lot_number,varchar(50)
5.3,drug_exposure,provider_id,integer
5.3,drug_exposure,visit_occurrence_id,integer
5.3,drug_exposure,visit_detail_id,integer
5.3,drug_exposure,drug_source_value,varchar(50)
5.3,drug_exposure,drug_source_concept_id,integer
5.3,drug_exposure,route_source_value,varchar(50)
5.3,drug_exposure,dose_unit_source_value,varchar(50)
5.3,procedure_occurrence,procedure_occurrence_id,integer
5.3,procedure_occurrence,person_id,integer
5.3,procedure_occurrence,procedure_concept_id,integer
5.3,procedure_occurrence,procedure_date,date
5.3,procedure_occurrence,procedure_datetime,datetime
5.3,procedure_occurrence,procedure_type_concept_id,integer
5.3,procedure_occurrence,modifier_concept_id,integer
5.3,procedure_occurrence,quantity,integer
5.3,procedure_occurrence,provider_id,integer
5.3,procedure_occurrence,visit_occurrence_id,integer
5.3,procedure_occurrence,visit_detail_id,integer
5.3,procedure_occurrence,procedure_source_value,varchar(50)
5.3,procedure_occurrence,procedure_source_concept_id,integer
5.3,procedure_occurrence,modifier_source_value,varchar(50)
5.3,device_exposure,device_exposure_id,integer
5.3,device_exposure,person_id,integer
5.3,device_exposure,device_concept_id,integer
5.3,device_exposure,device_exposure_start_date,date
5.3,device_exposure,device_exposure_start_datetime,datetime
5.3,device_exposure,device_exposure_end_date,date
5.3,device_exposure,device_exposure_end_datetime,datetime
5.3,device_exposure,device_type_concept_id,integer
5.3,device_exposure,unique_device_id,varchar(50)
5.3,device_exposure,quantity,integer
5.3,device_exposure,provider_id,integer
5.3,device_exposure,visit_occurrence_id,integer
5.3,device_exposure,visit_detail_id,integer
5.3,device_exposure,device_source_value,varchar(50)
5.3,device_exposure,device_source_concept_id,integer
5.3,measurement,measurement_id,integer
5.3,measurement,person_id,integer
5.3,measurement,measurement_concept_id,integer
5.3,measurement,measurement_date,date
5.3,measurement,measurement_datetime,datetime
5.3,measurement,measurement_time,varchar(10)
5.3,measurement,measurement_type_concept_id,integer
5.3,measurement,operator_concept_id,integer
5.3,measurement,value_as_number,float
5.3,measurement,value_as_concept_id,integer
5.3,measurement,unit_concept_id,integer
5.3,measurement,range_low,float
5.3,measurement,range_high,float
5.3,measurement,provider_id,integer
5.3,measurement,visit_occurrence_id,integer
5.3,measurement,visit_detail_id,integer
5.3,measurement,measurement_source_value,varchar(50)
5.3,measurement,measurement_source_concept_id,integer
5.3,measurement,unit_source_value,varchar(50)
5.3,measurement,value_source_value,varchar(50)
5.3,observation,observation_id,integer
5.3,observation,person_id,integer
5.3,observation,observation_concept_id,integer
5.3,observation,observation_date,date
5.3,observation,observation_datetime,datetime
5.3,observation,observation_type_concept_id,integer
5.3,observation,value_as_number,float
5.3,observation,value_as_string,varchar(60)
5.3,observation,value_as_concept_id,integer
5.3,observation,qualifier_concept_id,integer
5.3,observation,unit_concept_id,integer
5.3,observation,provider_id,integer
5.3,observation,visit_occurrence_id,integer
5.3,observation,visit_detail_id,integer
5.3,observation,observation_source_value,varchar(50)
5.3,observation,observation_source_concept_id,integer
5.3,observation,unit_source_value,varchar(50)
5.3,observation,qualifier_source_value,varchar(50)
5.3,death,person_id,integer
5.3,death,death_date,date
5.3,death,death_datetime,datetime
5.3,death,death_type_concept_id,integer
5.3,death,cause_concept_id,integer
5.3,death,cause_source_value,varchar(50)
5.3,death,cause_source_concept_id,integer
5.3,note,note_id,integer
5.3,note,person_id,integer
5.3,note,note_date,date
5.3,note,note_datetime,datetime
5.3,note,note_type_concept_id,integer
5.3,note,note_class_concept_id,integer
5.3,note,note_title,varchar(250)
5.3,note,note_text,varchar(max)
5.3,note,encoding_concept_id,integer
5.3,note,language_concept_id,integer
5.3,note,provider_id,integer
5.3,note,visit_occurrence_id,integer
5.3,note,visit_detail_id,integer
5.3,note,note_source_value,varchar(50)
5.3,note_nlp,note_nlp_id,integer
5.3,note_nlp,note_id,integer
5.3,note_nlp,section_concept_id,integer
5.3,note_nlp,snippet,varchar(250)
5.3,note_nlp,offset,varchar(50)
5.3,note_nlp,lexical_variant,varchar(250)
5.3,note_nlp,note_nlp_concept_id,integer
5.3,note_nlp,note_nlp_source_concept_id,integer
5.3,note_nlp,nlp_system,varchar(250)
5.3,note_nlp,nlp_date,date
5.3,note_nlp,nlp_datetime,datetime
5.3,note_nlp,term_exists,varchar(1)
5.3,note_nlp,term_temporal,varchar(50)
5.3,note_nlp,term_modifiers,varchar(2000)
5.3,specimen,specimen_id,integer
5.3,specimen,person_id,integer
5.3,specimen,specimen_concept_id,integer
5.3,specimen,specimen_type_concept_id,integer
5.3,specimen,specimen_date,date
5.3,specimen,specimen_datetime,datetime
5.3,specimen,quantity,float
5.3,specimen,unit_concept_id,integer
5.3,specimen,anatomic_site_concept_id,integer
5.3,specimen,disease_status_concept_id,integer
5.3,specimen,specimen_source_id,varchar(50)
5.3,specimen,specimen_source_value,varchar(50)
5.3,specimen,unit_source_value,varchar(50)
5.3,specimen,anatomic_site_source_value,varchar(50)
5.3,specimen,disease_status_source_value,varchar(50)
5.3,fact_relationship,domain_concept_id_1,integer
5.3,fact_relationship,fact_id_1,integer
5.3,fact_relationship,domain_concept_id_2,integer
5.3,fact_relationship,fact_id_2,integer
5.3,fact_relationship,relationship_concept_id,integer
5.3,location,location_id,integer
5.3,location,address_1,varchar(50)
5.3,location,address_2,varchar(50)
5.3,location,city,varchar(50)
5.3,location,state,varchar(2)
5.3,location,zip,varchar(9)
5.3,location,county,varchar(20)
5.3,location,location_source_value,varchar(50)
5.3,care_site,care_site_id,integer
5.3,care_site,care_site_name,varchar(255)
5.3,care_site,place_of_service_concept_id,integer
5.3,care_site,location_id,integer
5.3,care_site,care_site_source_value,varchar(50)
5.3,care_site,place_of_service_source_value,varchar(50)
5.3,provider,provider_id,integer
5.3,provider,provider_name,varchar(255)
5.3,provider,npi,varchar(20)
5.3,provider,dea,varchar(20)
5.3,provider,specialty_concept_id,integer
5.3,provider,care_site_id,integer
5.3,provider,year_of_birth,integer
5.3,provider,gender_concept_id,integer
5.3,provider,provider_source_value,varchar(50)
5.3,provider,specialty_source_value,varchar(50)
5.3,provider,specialty_source_concept_id,integer
5.3,provider,gender_source_value,varchar(50)
5.3,provider,gender_source_concept_id,integer
5.3,payer_plan_period,payer_plan_period_id,integer
5.3,payer_plan_period,person_id,integer
5.3,payer_plan_period,payer_plan_period_start_date,date
5.3,payer_plan_period,payer_plan_period_end_date,date
5.3,payer_plan_period,payer_concept_id,integer
5.3,payer_plan_period,payer_source_value,varchar(50)
5.3,payer_plan_period,payer_source_concept_id,integer
5.3,payer_plan_period,plan_concept_id,integer
5.3,payer_plan_period,plan_source_value,varchar(50)
5.3,payer_plan_period,plan_source_concept_id,integer
5.3,payer_plan_period,sponsor_concept_id,integer
5.3,payer_plan_period,sponsor_source_value,varchar(50)
5.3,payer_plan_period,sponsor_source_concept_id,integer
5.3,payer_plan_period,family_source_value,varchar(50)
5.3,payer_plan_period,stop_reason_concept_id,integer
5.3,payer_plan_period,stop_reason_source_value,varchar(50)
5.3,payer_plan_period,stop_reason_source_concept_id,integer
5.3,cost,cost_id,integer
5.3,cost,cost_event_id,integer
5.3,cost,cost_domain_id,varchar(20)
5.3,cost,cost_type_concept_id,integer
5.3,cost,currency_concept_id,integer
5.3,cost,total_charge,float
5.3,cost,total_cost,float
5.3,cost,total_paid,float
5.3,cost,paid_by_payer,float
5.3,cost,paid_by_patient,float
5.3,cost,paid_patient_copay,float
5.3,cost,paid_patient_coinsurance,float
5.3,cost,paid_patient_deductible,float
5.3,cost,paid_by_primary,float
5.3,cost,paid_ingredient_cost,float
5.3,cost,paid_dispensing_fee,float
5.3,cost,payer_plan_period_id,integer
5.3,cost,amount_allowed,float
5.3,cost,revenue_code_concept_id,integer
5.3,cost,revenue_code_source_value,varchar(50)
5.3,cost,drg_concept_id,integer
5.3,cost,drg_source_value,varchar(3)
5.3,drug_era,drug_era_id,integer
5.3,drug_era,person_id,integer
5.3,drug_era,drug_concept_id,integer
5.3,drug_era,drug_era_start_date,date
5.3,drug_era,drug_era_end_date,date
5.3,drug_era,drug_exposure_count,integer
5.3,drug_era,gap_days,integer
5.3,dose_era,dose_era_id,integer
5.3,dose_era,person_id,integer
5.3,dose_era,drug_concept_id,integer
5.3,dose_era,unit_concept_id,integer
5.3,dose_era,dose_value,float
5.3,dose_era,dose_era_start_date,date
5.3,dose_era,dose_era_end_date,date
5.3,condition_era,condition_era_id,integer
5.3,condition_era,person_id,integer
5.3,condition_era,condition_concept_id,integer
5.3,condition_era,condition_era_start_date,date
5.3,condition_era,condition_era_end_date,date
5.3,condition_era,condition_occurrence_count,integer
5.3,metadata,metadata_concept_id,integer
5.3,metadata,metadata_type_concept_id,integer
5.3,metadata,name,varchar(250)
5.3,metadata,value_as_string,varchar(250)
5.3,metadata,value_as_concept_id,integer
5.3,metadata,metadata_date,date
5.3,metadata,metadata_datetime,datetime
5.3,cdm_source,cdm_source_name,varchar(255)
5.3,cdm_source,cdm_source_abbreviation,varchar(25)
5.3,cdm_source,cdm_holder,varchar(255)
5.3,cdm_source,source_description,varchar(max)
5.3,cdm_source,source_documentation_reference,varchar(255)
5.3,cdm_source,cdm_etl_reference,varchar(255)
5.3,cdm_source,source_release_date,date
5.3,cdm_source,cdm_release_date,date
5.3,cdm_source,cdm_version,varchar(10)
5.3,cdm_source,vocabulary_version,varchar(20)
5.3,concept,concept_id,integer
5.3,concept,concept_name,varchar(255)
5.3,concept,domain_id,varchar(20)
5.3,concept,vocabulary_id,varchar(20)
5.3,concept,concept_class_id,varchar(20)
5.3,concept,standard_concept,varchar(1)
5.3,concept,concept_code,varchar(50)
5.3,concept,valid_start_date,date
5.3,concept,valid_end_date,date
5.3,concept,invalid_reason,varchar(1)
5.3,vocabulary,vocabulary_id,varchar(20)
5.3,vocabulary,vocabulary_name,varchar(255)
5.3,vocabulary,vocabulary_reference,varchar(255)
5.3,vocabulary,vocabulary_version,varchar(255)
5.3,vocabulary,vocabulary_concept_id,integer
5.3,domain,domain_id,varchar(20)
5.3,domain,domain_name,varchar(255)
5.3,domain,domain_concept_id,integer
5.3,concept_class,concept_class_id,varchar(20)
5.3,concept_class,concept_class_name,varchar(255)
5.3,concept_class,concept_class_concept_id,integer
5.3,concept_relationship,concept_id_1,integer
5.3,concept_relationship,concept_id_2,integer
5.3,concept_relationship,relationship_id,varchar(20)
5.3,concept_relationship,valid_start_date,date
5.3,concept_relationship,valid_end_date,date
5.3,concept_relationship,invalid_reason,varchar(1)
5.3,relationship,relationship_id,varchar(20)
5.3,relationship,relationship_name,varchar(255)
5.3,relationship,is_hierarchical,varchar(1)
5.3,relationship,defines_ancestry,varchar(1)
5.3,relationship,reverse_relationship_id,varchar(20)
5.3,relationship,relationship_concept_id,integer
5.3,concept_synonym,concept_id,integer
5.3,concept_synonym,concept_synonym_name,varchar(1000)
5.3,concept_synonym,language_concept_id,integer
5.3,concept_ancestor,ancestor_concept_id,integer
5.3,concept_ancestor,descendant_concept_id,integer
5.3,concept_ancestor,min_levels_of_separation,integer
5.3,concept_ancestor,max_levels_of_separation,integer
5.3,source_to_concept_map,source_code,varchar(50)
5.3,source_to_concept_map,source_concept_id,integer
5.3,source_to_concept_map,source_vocabulary_id,varchar(20)
5.3,source_to_concept_map,source_code_description,varchar(255)
5.3,source_to_concept_map,target_concept_id,integer
5.3,source_to_concept_map,target_vocabulary_id,varchar(20)
5.3,source_to_concept_map,valid_start_date,date
5.3,source_to_concept_map,valid_end_date,date
5.3,source_to_concept_map,invalid_reason,varchar(1)
5.3,drug_strength,drug_concept_id,integer
5.3,drug_strength,ingredient_concept_id,integer
5.3,drug_strength,amount_value,float
5.3,drug_strength,amount_unit_concept_id,integer
5.3,drug_strength,numerator_value,float
5.3,drug_strength,numerator_unit_concept_id,integer
5.3,drug_strength,denominator_value,float
5.3,drug_strength,denominator_unit_concept_id,integer
5.3,drug_strength,box_size,integer
5.3,drug_strength,valid_start_date,date
5.3,drug_strength,valid_end_date,date
5.3,drug_strength,invalid_reason,varchar(1)
5.3,cohort_definition,cohort_definition_id,integer
5.3,cohort_definition,cohort_definition_name,varchar(255)
5.3,cohort_definition,cohort_definition_description,varchar(max)
5.3,cohort_definition,definition_type_concept_id,integer
5.3,cohort_definition,cohort_definition_syntax,varchar(max)
5.3,cohort_definition,subject_concept_id,integer
5.3,cohort_definition,cohort_initiation_date,date
5.3,attribute_definition,attribute_definition_id,integer
5.3,attribute_definition,attribute_name,varchar(255)
5.3,attribute_definition,attribute_description,varchar(max)
5.3,attribute_definition,attribute_type_concept_id,integer
5.3,attribute_definition,attribute_syntax,varchar(max)
5.4,person,person_id,integer
5.4,person,gender_concept_id,integer
5.4,person,year_of_birth,integer
5.4,person,month_of_birth,integer
5.4,person,day_of_birth,integer
5.4,person,birth_datetime,datetime
5.4,person,race_concept_id,integer
5.4,person,ethnicity_concept_id,integer
5.4,person,location_id,integer
5.4,person,provider_id,integer
5.4,person,care_site_id,integer
5.4,person,person_source_value,varchar(50)
5.4,person,gender_source_value,varchar(50)
5.4,person,gender_source_concept_id,integer
5.4,person,race_source_value,varchar(50)
5.4,person,race_source_concept_id,integer
5.4,person,ethnicity_source_value,varchar(50)
5.4,person,ethnicity_source_concept_id,integer
5.4,observation_period,observation_period_id,integer
5.4,observation_period,person_id,integer
5.4,observation_period,observation_period_start_date,date
5.4,observation_period,observation_period_end_date,date
5.4,observation_period,period_type_concept_id,integer
5.4,visit_occurrence,visit_occurrence_id,integer
5.4,visit_occurrence,person_id,integer
5.4,visit_occurrence,visit_concept_id,integer
5.4,visit_occurrence,visit_start_date,date
5.4,visit_occurrence,visit_start_datetime,datetime
5.4,visit_occurrence,visit_end_date,date
5.4,visit_occurrence,visit_end_datetime,datetime
5.4,visit_occurrence,visit_type_concept_id,integer
5.4,visit_occurrence,provider_id,integer
5.4,visit_occurrence,care_site_id,integer
5.4,visit_occurrence,visit_source_value,varchar(50)
5.4,visit_occurrence,visit_source_concept_id,integer
5.4,visit_occurrence,admitted_from_concept_id,integer
5.4,visit_occurrence,admitted_from_source_value,varchar(50)
5.4,visit_occurrence,discharged_to_concept_id,integer
5.4,visit_occurrence,discharged_to_source_value,varchar(50)
5.4,visit_occurrence,preceding_visit_occurrence_id,integer
5.4,visit_detail,visit_detail_id,integer
5.4,visit_detail,person_id,integer
5.4,visit_detail,visit_detail_concept_id,integer
5.4,visit_detail,visit_detail_start_date,date
5.4,visit_detail,visit_detail_start_datetime,datetime
5.4,visit_detail,visit_detail_end_date,date
5.4,visit_detail,visit_detail_end_datetime,datetime
5.4,visit_detail,visit_detail_type_concept_id,integer
5.4,visit_detail,provider_id,integer
5.4,visit_detail,care_site_id,integer
5.4,visit_detail,visit_detail_source_value,varchar(50)
5.4,visit_detail,visit_detail_source_concept_id,integer
5.4,visit_detail,admitted_from_concept_id,integer
5.4,visit_detail,admitted_from_source_value,varchar(50)
5.4,visit_detail,discharged_to_source_value,varchar(50)
5.4,visit_detail,discharged_to_concept_id,integer
5.4,visit_detail,preceding_visit_detail_id,integer
5.4,visit_detail,parent_visit_detail_id,integer
5.4,visit_detail,visit_occurrence_id,integer
5.4,condition_occurrence,condition_occurrence_id,integer
5.4,condition_occurrence,person_id,integer
5.4,condition_occurrence,condition_concept_id,integer
5.4,condition_occurrence,condition_start_date,date
5.4,condition_occurrence,condition_start_datetime,datetime
5.4,condition_occurrence,condition_end_date,date
5.4,condition_occurrence,condition_end_datetime,datetime
5.4,condition_occurrence,condition_type_concept_id,integer
5.4,condition_occurrence,condition_status_concept_id,integer
5.4,condition_occurrence,stop_reason,varchar(20)
5.4,condition_occurrence,provider_id,integer
5.4,condition_occurrence,visit_occurrence_id,integer
5.4,condition_occurrence,visit_detail_id,integer
5.4,condition_occurrence,condition_source_value,varchar(50)
5.4,condition_occurrence,condition_source_concept_id,integer
5.4,condition_occurrence,condition_status_source_value,varchar(50)
5.4,drug_exposure,drug_exposure_id,integer
5.4,drug_exposure,person_id,integer
5.4,drug_exposure,drug_concept_id,integer
5.4,drug_exposure,drug_exposure_start_date,date
5.4,drug_exposure,drug_exposure_start_datetime,datetime
5.4,drug_exposure,drug_exposure_end_date,date
5.4,drug_exposure,drug_exposure_end_datetime,datetime
5.4,drug_exposure,verbatim_end_date,date
5.4,drug_exposure,drug_type_concept_id,integer
5.4,drug_exposure,stop_reason,varchar(20)
5.4,drug_exposure,refills,integer
5.4,drug_exposure,quantity,float
5.4,drug_exposure,days_supply,integer
5.4,drug_exposure,sig,varchar(max)
5.4,drug_exposure,route_concept_id,integer
5.4,drug_exposure,lot_number,varchar(50)
5.4,drug_exposure,provider_id,integer
5.4,drug_exposure,visit_occurrence_id,integer
5.4,drug_exposure,visit_detail_id,integer
5.4,drug_exposure,drug_source_value,varchar(50)
5.4,drug_exposure,drug_source_concept_id,integer
5.4,drug_exposure,route_source_value,varchar(50)
5.4,drug_exposure,dose_unit_source_value,varchar(50)
5.4,procedure_occurrence,procedure_occurrence_id,integer
5.4,procedure_occurrence,person_id,integer
5.4,procedure_occurrence,procedure_concept_id,integer
5.4,procedure_occurrence,procedure_date,date
5.4,procedure_occurrence,procedure_datetime,datetime
5.4,procedure_occurrence,procedure_end_date,date
5.4,procedure_occurrence,procedure_end_datetime,datetime
5.4,procedure_occurrence,procedure_type_concept_id,integer
5.4,procedure_occurrence,modifier_concept_id,integer
5.4,procedure_occurrence,quantity,integer
5.4,procedure_occurrence,provider_id,integer
5.4,procedure_occurrence,visit_occurrence_id,integer
5.4,procedure_occurrence,visit_detail_id,integer
5.4,procedure_occurrence,procedure_source_value,varchar(50)
5.4,procedure_occurrence,procedure_source_concept_id,integer
5.4,procedure_occurrence,modifier_source_value,varchar(50)
5.4,device_exposure,device_exposure_id,integer
5.4,device_exposure,person_id,integer
5.4,device_exposure,device_concept_id,integer
5.4,device_exposure,device_exposure_start_date,date
5.4,device_exposure,device_exposure_start_datetime,datetime
5.4,device_exposure,device_exposure_end_date,date
5.4,device_exposure,device_exposure_end_datetime,datetime
5.4,device_exposure,device_type_concept_id,integer
5.4,device_exposure,unique_device_id,varchar(255)
5.4,device_exposure,production_id,varchar(255)
5.4,device_exposure,quantity,integer
5.4,device_exposure,provider_id,integer
5.4,device_exposure,visit_occurrence_id,integer
5.4,device_exposure,visit_detail_id,integer
5.4,device_exposure,device_source_value,varchar(50)
5.4,device_exposure,device_source_concept_id,integer
5.4,device_exposure,unit_concept_id,integer
5.4,device_exposure,unit_source_value,varchar(50)
5.4,device_exposure,unit_source_concept_id,integer
5.4,measurement,measurement_id,integer
5.4,measurement,person_id,integer
5.4,measurement,measurement_concept_id,integer
5.4,measurement,measurement_date,date
5.4,measurement,measurement_datetime,datetime
5.4,measurement,measurement_time,varchar(10)
5.4,measurement,measurement_type_concept_id,integer
5.4,measurement,operator_concept_id,integer
5.4,measurement,value_as_number,float
5.4,measurement,value_as_concept_id,integer
5.4,measurement,unit_concept_id,integer
5.4,measurement,range_low,float
5.4,measurement,range_high,float
5.4,measurement,provider_id,integer
5.4,measurement,visit_occurrence_id,integer
5.4,measurement,visit_detail_id,integer
5.4,measurement,measurement_source_value,varchar(50)
5.4,measurement,measurement_source_concept_id,integer
5.4,measurement,unit_source_value,varchar(50)
5.4,measurement,unit_source_concept_id,integer
5.4,measurement,value_source_value,varchar(50)
5.4,measurement,measurement_event_id,integer
5.4,measurement,meas_event_field_concept_id,integer
5.4,observation,observation_id,integer
5.4,observation,person_id,integer
5.4,observation,observation_concept_id,integer
5.4,observation,observation_date,date
5.4,observation,observation_datetime,datetime
5.4,observation,observation_type_concept_id,integer
5.4,observation,value_as_number,float
5.4,observation,value_as_string,varchar(60)
5.4,observation,value_as_concept_id,integer
5.4,observation,qualifier_concept_id,integer
5.4,observation,unit_concept_id,integer
5.4,observation,provider_id,integer
5.4,observation,visit_occurrence_id,integer
5.4,observation,visit_detail_id,integer
5.4,observation,observation_source_value,varchar(50)
5.4,observation,observation_source_concept_id,integer
5.4,observation,unit_source_value,varchar(50)
5.4,observation,qualifier_source_value,varchar(50)
5.4,observation,value_source_value,varchar(50)
5.4,observation,observation_event_id,integer
5.4,observation,obs_event_field_concept_id,integer
5.4,death,person_id,integer
5.4,death,death_date,date
5.4,death,death_datetime,datetime
5.4,death,death_type_concept_id,integer
5.4,death,cause_concept_id,integer
5.4,death,cause_source_value,varchar(50)
5.4,death,cause_source_concept_id,integer
5.4,note,note_id,integer
5.4,note,person_id,integer
5.4,note,note_date,date
5.4,note,note_datetime,datetime
5.4,note,note_type_concept_id,integer
5.4,note,note_class_concept_id,integer
5.4,note,note_title,varchar(250)
5.4,note,note_text,varchar(max)
5.4,note,encoding_concept_id,integer
5.4,note,language_concept_id,integer
5.4,note,provider_id,integer
5.4,note,visit_occurrence_id,integer
5.4,note,visit_detail_id,integer
5.4,note,note_source_value,varchar(50)
5.4,note,note_event_id,integer
5.4,note,note_event_field_concept_id,integer
5.4,note_nlp,note_nlp_id,integer
5.4,note_nlp,note_id,integer
5.4,note_nlp,section_concept_id,integer
5.4,note_nlp,snippet,varchar(250)
5.4,note_nlp,offset,varchar(50)
5.4,note_nlp,lexical_variant,varchar(250)
5.4,note_nlp,note_nlp_concept_id,integer
5.4,note_nlp,note_nlp_source_concept_id,integer
5.4,note_nlp,nlp_system,varchar(250)
5.4,note_nlp,nlp_date,date
5.4,note_nlp,nlp_datetime,datetime
5.4,note_nlp,term_exists,varchar(1)
5.4,note_nlp,term_temporal,varchar(50)
5.4,note_nlp,term_modifiers,varchar(2000)
5.4,specimen,specimen_id,integer
5.4,specimen,person_id,integer
5.4,specimen,specimen_concept_id,integer
5.4,specimen,specimen_type_concept_id,integer
5.4,specimen,specimen_date,date
5.4,specimen,specimen_datetime,datetime
5.4,specimen,quantity,float
5.4,specimen,unit_concept_id,integer
5.4,specimen,anatomic_site_concept_id,integer
5.4,specimen,disease_status_concept_id,integer
5.4,specimen,specimen_source_id,varchar(50)
5.4,specimen,specimen_source_value,varchar(50)
5.4,specimen,unit_source_value,varchar(50)
5.4,specimen,anatomic_site_source_value,varchar(50)
5.4,specimen,disease_status_source_value,varchar(50)
5.4,fact_relationship,domain_concept_id_1,integer
5.4,fact_relationship,fact_id_1,integer
5.4,fact_relationship,domain_concept_id_2,integer
5.4,fact_relationship,fact_id_2,integer
5.4,fact_relationship,relationship_concept_id,integer
5.4,location,location_id,integer
5.4,location,address_1,varchar(50)
5.4,location,address_2,varchar(50)
5.4,location,city,varchar(50)
5.4,location,state,varchar(2)
5.4,location,zip,varchar(9)
5.4,location,county,varchar(20)
5.4,location,location_source_value,varchar(50)
5.4,location,country_concept_id,integer
5.4,location,country_source_value,varchar(80)
5.4,location,latitude,float
5.4,location,longitude,float
5.4,care_site,care_site_id,integer
5.4,care_site,care_site_name,varchar(255)
5.4,care_site,place_of_service_concept_id,integer
5.4,care_site,location_id,integer
5.4,care_site,care_site_source_value,varchar(50)
5.4,care_site,place_of_service_source_value,varchar(50)
5.4,provider,provider_id,integer
5.4,provider,provider_name,varchar(255)
5.4,provider,npi,varchar(20)
5.4,provider,dea,varchar(20)
5.4,provider,specialty_concept_id,integer
5.4,provider,care_site_id,integer
5.4,provider,year_of_birth,integer
5.4,provider,gender_concept_id,integer
5.4,provider,provider_source_value,varchar(50)
5.4,provider,specialty_source_value,varchar(50)
5.4,provider,specialty_source_concept_id,integer
5.4,provider,gender_source_value,varchar(50)
5.4,provider,gender_source_concept_id,integer
5.4,payer_plan_period,payer_plan_period_id,integer
5.4,payer_plan_period,person_id,integer
5.4,payer_plan_period,payer_plan_period_start_date,date
5.4,payer_plan_period,payer_plan_period_end_date,date
5.4,payer_plan_period,payer_concept_id,integer
5.4,payer_plan_period,payer_source_value,varchar(50)
5.4,payer_plan_period,payer_source_concept_id,integer
5.4,payer_plan_period,plan_concept_id,integer
5.4,payer_plan_period,plan_source_value,varchar(50)
5.4,payer_plan_period,plan_source_concept_id,integer
5.4,payer_plan_period,sponsor_concept_id,integer
5.4,payer_plan_period,sponsor_source_value,varchar(50)
5.4,payer_plan_period,sponsor_source_concept_id,integer
5.4,payer_plan_period,family_source_value,varchar(50)
5.4,payer_plan_period,stop_reason_concept_id,integer
5.4,payer_plan_period,stop_reason_source_value,varchar(50)
5.4,payer_plan_period,stop_reason_source_concept_id,integer
5.4,cost,cost_id,integer
5.4,cost,cost_event_id,integer
5.4,cost,cost_domain_id,varchar(20)
5.4,cost,cost_type_concept_id,integer
5.4,cost,currency_concept_id,integer
5.4,cost,total_charge,float
5.4,cost,total_cost,float
5.4,cost,total_paid,float
5.4,cost,paid_by_payer,float
5.4,cost,paid_by_patient,float
5.4,cost,paid_patient_copay,float
5.4,cost,paid_patient_coinsurance,float
5.4,cost,paid_patient_deductible,float
5.4,cost,paid_by_primary,float
5.4,cost,paid_ingredient_cost,float
5.4,cost,paid_dispensing_fee,float
5.4,cost,payer_plan_period_id,integer
5.4,cost,amount_allowed,float
5.4,cost,revenue_code_concept_id,integer
5.4,cost,revenue_code_source_value,varchar(50)
5.4,cost,drg_concept_id,integer
5.4,cost,drg_source_value,varchar(3)
5.4,drug_era,drug_era_id,integer
5.4,drug_era,person_id,integer
5.4,drug_era,drug_concept_id,integer
5.4,drug_era,drug_era_start_date,date
5.4,drug_era,drug_era_end_date,date
5.4,drug_era,drug_exposure_count,integer
5.4,drug_era,gap_days,integer
5.4,dose_era,dose_era_id,integer
5.4,dose_era,person_id,integer
5.4,dose_era,drug_concept_id,integer
5.4,dose_era,unit_concept_id,integer
5.4,dose_era,dose_value,float
5.4,dose_era,dose_era_start_date,date
5.4,dose_era,dose_era_end_date,date
5.4,condition_era,condition_era_id,integer
5.4,condition_era,person_id,integer
5.4,condition_era,condition_concept_id,integer
5.4,condition_era,condition_era_start_date,date
5.4,condition_era,condition_era_end_date,date
5.4,condition_era,condition_occurrence_count,integer
5.4,episode,episode_id,integer
5.4,episode,person_id,integer
5.4,episode,episode_concept_id,integer
5.4,episode,episode_start_date,date
5.4,episode,episode_start_datetime,datetime
5.4,episode,episode_end_date,date
5.4,episode,episode_end_datetime,datetime
5.4,episode,episode_parent_id,integer
5.4,episode,episode_number,integer
5.4,episode,episode_object_concept_id,integer
5.4,episode,episode_type_concept_id,integer
5.4,episode,episode_source_value,varchar(50)
5.4,episode,episode_source_concept_id,integer
5.4,episode_event,episode_id,integer
5.4,episode_event,event_id,integer
5.4,episode_event,episode_event_field_concept_id,integer
5.4,metadata,metadata_id,integer
5.4,metadata,metadata_concept_id,integer
5.4,metadata,metadata_type_concept_id,integer
5.4,metadata,name,varchar(250)
5.4,metadata,value_as_string,varchar(250)
5.4,metadata,value_as_concept_id,integer
5.4,metadata,value_as_number,float
5.4,metadata,metadata_date,date
5.4,metadata,metadata_datetime,datetime
5.4,cdm_source,cdm_source_name,varchar(255)
5.4,cdm_source,cdm_source_abbreviation,varchar(25)
5.4,cdm_source,cdm_holder,varchar(255)
5.4,cdm_source,source_description,varchar(max)
5.4,cdm_source,source_documentation_reference,varchar(255)
5.4,cdm_source,cdm_etl_reference,varchar(255)
5.4,cdm_source,source_release_date,date
5.4,cdm_source,cdm_release_date,date
5.4,cdm_source,cdm_version,varchar(10)
5.4,cdm_source,cdm_version_concept_id,integer
5.4,cdm_source,vocabulary_version,varchar(20)
5.4,concept,concept_id,integer
5.4,concept,concept_name,varchar(255)
5.4,concept,domain_id,varchar(20)
5.4,concept,vocabulary_id,varchar(20)
5.4,concept,concept_class_id,varchar(20)
5.4,concept,standard_concept,varchar(1)
5.4,concept,concept_code,varchar(50)
5.4,concept,valid_start_date,date
5.4,concept,valid_end_date,date
5.4,concept,invalid_reason,varchar(1)
5.4,vocabulary,vocabulary_id,varchar(20)
5.4,vocabulary,vocabulary_name,varchar(255)
5.4,vocabulary,vocabulary_reference,varchar(255)
5.4,vocabulary,vocabulary_version,varchar(255)
5.4,vocabulary,vocabulary_concept_id,integer
5.4,domain,domain_id,varchar(20)
5.4,domain,domain_name,varchar(255)
5.4,domain,domain_concept_id,integer
5.4,concept_class,concept_class_id,varchar(20)
5.4,concept_class,concept_class_name,varchar(255)
5.4,concept_class,concept_class_concept_id,integer
5.4,concept_relationship,concept_id_1,integer
5.4,concept_relationship,concept_id_2,integer
5.4,concept_relationship,relationship_id,varchar(20)
5.4,concept_relationship,valid_start_date,date
5.4,concept_relationship,valid_end_date,date
5.4,concept_relationship,invalid_reason,varchar(1)
5.4,relationship,relationship_id,varchar(20)
5.4,relationship,relationship_name,varchar(255)
5.4,relationship,is_hierarchical,varchar(1)
5.4,relationship,defines_ancestry,varchar(1)
5.4,relationship,reverse_relationship_id,varchar(20)
5.4,relationship,relationship_concept_id,integer
5.4,concept_synonym,concept_id,integer
5.4,concept_synonym,concept_synonym_name,varchar(1000)
5.4,concept_synonym,language_concept_id,integer
5.4,concept_ancestor,ancestor_concept_id,integer
5.4,concept_ancestor,descendant_concept_id,integer
5.4,concept_ancestor,min_levels_of_separation,integer
5.4,concept_ancestor,max_levels_of_separation,integer
5.4,source_to_concept_map,source_code,varchar(50)
5.4,source_to_concept_map,source_concept_id,integer
5.4,source_to_concept_map,source_vocabulary_id,varchar(20)
5.4,source_to_concept_map,source_code_description,varchar(255)
5.4,source_to_concept_map,target_concept_id,integer
5.4,source_to_concept_map,target_vocabulary_id,varchar(20)
5.4,source_to_concept_map,valid_start_date,date
5.4,source_to_concept_map,valid_end_date,date
5.4,source_to_concept_map,invalid_reason,varchar(1)
5.4,drug_strength,drug_concept_id,integer
5.4,drug_strength,ingredient_concept_id,integer
5.4,drug_strength,amount_value,float
5.4,drug_strength,amount_unit_concept_id,integer
5.4,drug_strength,numerator_value,float
5.4,drug_strength,numerator_unit_concept_id,integer
5.4,drug_strength,denominator_value,float
5.4,drug_strength,denominator_unit_concept_id,integer
5.4,drug_strength,box_size,integer
5.4,drug_strength,valid_start_date,date
5.4,drug_strength,valid_end_date,date
5.4,drug_strength,invalid_reason,varchar(1)
5.4,cohort,cohort_definition_id,integer
5.4,cohort,subject_id,integer
5.4,cohort,cohort_start_date,date
5.4,cohort,cohort_end_date,date
5.4,cohort_definition,cohort_definition_id,integer
5.4,cohort_definition,cohort_definition_name,varchar(255)
5.4,cohort_definition,cohort_definition_description,varchar(max)
5.4,cohort_definition,definition_type_concept_id,integer
5.4,cohort_definition,cohort_definition_syntax,varchar(max)
5.4,cohort_definition,subject_concept_id,integer
5.4,cohort_definition,cohort_initiation_date,date
